Algorithm,ProofType,TotalCoinsMined,TotalCoinSupply,PC 1,PC 2,PC 3,CoinName,Class
Scrypt,PoW/PoS,41.99995383,42,-0.3353690874623543,0.9229768562494948,-0.5453096299137742,42 Coin,1
Scrypt,PoW/PoS,1055184902.04,532000000,-0.3186939770059991,0.9230121555069913,-0.5457076888470483,404Coin,1
X13,PoW/PoS,29279424622.5027,314159265359,2.3039189803477447,1.6138326315472848,-0.6541389600310346,EliteCoin,1
SHA-256,PoW,17927175.0,21000000,-0.14464070190440942,-1.2401333911557193,0.2107867533617272,Bitcoin,0
Ethash,PoW,107684222.6865,0,-0.14295040895876923,-1.9850997888038813,0.3563632366359287,Ethereum,0
Scrypt,PoW,63039243.3000049,84000000,-0.16688637559600547,-1.1450850865610391,0.023011608896325364,Litecoin,0
X11,PoW/PoS,9031294.37563393,22000000,-0.4103162095778952,1.2328680187434609,-0.541355550545065,Dash,1
CryptoNight-V7,PoW,17201143.1449131,0,-0.16917298186148866,-2.071635103738593,0.38028385514287183,Monero,0
Ethash,PoW,113359703.0,210000000,-0.14139223021753353,-1.9852002805221567,0.3563530759473562,Ethereum Classic,0
Equihash,PoW,7383056.25,21000000,-0.11340440010927197,-2.0197971271877293,0.39569083547395756,ZCash,0
SHA-512,PoS,2741570000.0,3600570502,-0.25569477885680614,1.0662775627472927,0.041819715562945094,Bitshares,1
Multiple,PoW,11406219141.0,21000000000,0.15650123625350046,-1.7424488446552717,0.3559126977850638,DigiByte,0
SHA-256,PoW/PoS,1288862.0,22000000,-0.31195339176979014,0.8279001599006769,-0.35755437491580605,BitcoinDark,1
SHA-256,PoS,11995334.8847328,12500000,-0.2600570980819263,0.6071925356503479,-0.058412780324182866,PayCoin,1
Scrypt,PoW,5768310.0,21000000,-0.16803335760160026,-1.1450704155355962,0.023034535047483304,ProsperCoin,0
X15,PoW/PoS,25542535.5881841,350000000,-0.23841868772561292,1.8155080494775555,-0.6371864925758212,KoboCoin,1
X11,PoW,11149733.9976203,20000000,-0.24318816840889634,-0.8351690902270825,0.026990810512703363,Spreadcoin,0
Scrypt,PoW,12205795.4449549,64000000,-0.16764979107732864,-1.1450895231540716,0.023030567417251898,Argentum,0
Scrypt,PoW/PoS,18135099.992959,16768584,-0.33502844015597416,0.9229737565959869,-0.5453167664230939,Aurora Coin,1
Scrypt,PoW/PoS,635423900.0,0,-0.32759867493909084,0.923153830064626,-0.5455369343770058,BlueCoin,1
Multiple,PoW,1688254250.0,2000000000,-0.09703560475707265,-1.7359203009530935,0.3601246301539605,MyriadCoin,0
Scrypt,PoW,88.0,384000000000,2.5540785635482655,-1.3317085132882456,0.00817030292150793,MoonCoin,0
SHA-256,PoW,170204389.754849,169795588,-0.14172367619438594,-1.2401633034254198,0.21072651976878,ZetaCoin,0
Scrypt,PoW,128940951.183046,250000000,-0.1649036417023555,-1.1451474178920933,0.022981607543604864,SexCoin,0
Scrypt,PoW,7357794.7925,100000000,-0.1674538572989306,-1.145108371513181,0.023030907857516644,Quatloo,0
Scrypt,PoW/PoS,123062801.128773,0,-0.3338641892120358,0.9230111308461483,-0.545353652046737,EnergyCoin,1
Quark,PoW,259557164.91477,247000000,-0.22927393317157505,-0.43699939919024333,0.028046863653181858,QuarkCoin,0
Groestl,PoW,49548585.1412917,84000000,-0.19586997001659745,-1.183226805050244,0.14643815246411077,Riecoin,0
Scrypt,PoW,33442988.3440364,48166000,-0.16750234127765373,-1.1450759120601506,0.023023583463068393,Digitalcoin ,0
Scrypt,PoW/PoS,42579.476901,500000,-0.33536502287948067,0.9229766250875814,-0.5453096644868933,BitBar,1
Scrypt,PoW,7219956.64626131,21000000 ,-0.16801560583863184,-1.1450700112331575,0.023034015762977474,Catcoin,0
Scrypt,PoW/PoS,1039116.65144562,1000000,-0.3353492918150928,0.9229766596065684,-0.545310040327393,CryptoBullion,1
Scrypt,PoW,4703879.51824446,13140000,-0.16810209693070183,-1.1450668915686966,0.023035220127760322,CannaCoin,0
X11,PoW,4996986.20575291,18000000,-0.2432775873741368,-0.835169831729008,0.026993088912720776,CryptCoin,0
Scrypt,PoC,39999997299.8568,40000000000,0.690330652658275,-0.41756052386004033,-0.2141932040878309,CasinoCoin,0
Groestl,PoW/PoS,3304487.74735637,4380000,-0.3641162481672734,0.8848376864962925,-0.42188926388384684,Diamond,1
Multiple,PoW,15929530669.1206,16555000000,0.18030308906035197,-1.7390285109178898,0.35446670873746094,Verge,0
SHA-256,PoW,18773857500.0,21000000000,0.23344871093786262,-1.245106655116415,0.20326513104849636,DevCoin,0
Scrypt,PoW,12539015186.822,13500000000,0.08079014240743013,-1.148131334301795,0.01802927056279966,EarthCoin,0
Scrypt,PoW,20910478.8062499,21000000 ,-0.16784818844065508,-1.1450661982449795,0.023029118375549756,E-Gulden,0
Scrypt,PoW,218871896.499999,299792458,-0.16345090355423797,-1.1451465730340185,0.022947509568783313,Einsteinium,0
Scrypt,PoW,19496786.31025,32000000,-0.16778749262365744,-1.1450719386269113,0.023029198202343913,Emerald,0
PoS,PoS,5679705.0,0,-0.325184370585083,1.48286208787969,-0.11688413433385572,Exclusive Coin,1
Scrypt,PoS/PoW/PoT,461829905.32893,0,-0.28864717015215763,0.17251502550186215,-0.21463977393536152,FlutterCoin,1
Scrypt,PoW,1142732.14912776,11235813,-0.1681591447139825,-1.145066957847037,0.023036567748317378,Franko,0
NeoScrypt,PoW,208669093.00773,336000000,-0.17614730136154635,-1.5123461849068518,0.16703848631239543,FeatherCoin,0
Scrypt,PoW,884125802.0,1420609614,-0.14736978157807726,-1.1455060745737382,0.022666140231755616,GrandCoin,0
Scrypt,PoW,65672720.4708748,70000000,-0.16695342323594758,-1.1450775482759068,0.023011208876206626,GlobalCoin,0
Scrypt,PoW,41658647.9999715,72245700,-0.16723116364055057,-1.1450853280498308,0.023019712269004608,GoldCoin,0
Scrypt,PoW/PoS,89266933.684704,120000000,-0.3334267404642281,0.9229433911649916,-0.5453462085263017,HoboNickels,1
X11,PoS,1678520090.7713,0,-0.33822376876289484,1.0126284626465645,-0.24280685328782564,HyperStake,1
Scrypt,PoW,90595753018.6314,90600000000,1.5819162861048717,-1.163866676762289,-0.012878301252867683,Infinite Coin,0
X11,PoW/PoS,17650913.9743456,22000000,-0.41021080276667926,1.2328704194194338,-0.5413586339641018,IOCoin,1
SHA-256,PoW,21089348.999,21000000,-0.14460203260190516,-1.2401325104491996,0.21078562218566993,IXcoin,0
Scrypt,PoW,151447649.8,265420800,-0.16451908956747952,-1.145148644904636,0.022972959386319824,KrugerCoin,0
Scrypt,PoW,19326319.14375,20000000,-0.16787465007112884,-1.1450661533949034,0.02302972377917447,LuckyCoin,0
Scrypt,PoW,1104344.22938102,1350000,-0.16822969867603266,-1.1450621634490963,0.02303696422385618,Litebar ,0
SHA3,PoW/PoS,61445805.0,100000000,-0.3751212959101593,2.854061625584596,-0.7985250486102689,MaxCoin,1
Scrypt,PoW,38151999.9930997,42000000,-0.16748846941747353,-1.1450716034987893,0.02302213767615938,MegaCoin,0
HybridScryptHash256,PoW,40431856.9,200000000,-0.15758475638832561,-2.220113522136759,0.37175544507034647,MediterraneanCoin,0
Scrypt,PoS,21293925445.4969,0,-0.02313917494857807,0.7081922672692431,-0.25378185771908696,MintCoin,1
Scrypt,PoW,5804204.88794916,10000000,-0.1681109021032413,-1.1450650588881874,0.02303494808784262,MinCoin,0
SHA-256,PoW/PoS,1613836099.99999,2419200000,-0.2752393019258215,0.8271840943436781,-0.3582240279666745,MazaCoin,1
Scrypt,PoS,16180000.0,16180000,-0.2832238045128683,0.7022582744582805,-0.24617098753902159,Nautilus Coin,1
X13,PoW/PoS,66087096.2077108,0,-0.28052451075696144,1.7583963108495464,-0.6315256106288056,NavCoin,1
Scrypt,PoW,2366066305.76482,15000000000,-0.032977772259730004,-1.1516937213155503,0.021610273478145064,NobleCoin,0
SHA-256,PoW,14736400.0,21000000,-0.14467972096020607,-1.2401342798279817,0.21078789476900842,Namecoin,0
Scrypt,PoW,334709223.483138,337000000,-0.16177058338957387,-1.145132395899206,0.022904631579923822,NyanCoin,0
X13,PoW/PoS,15156364.3306548,0,-0.2811473278057386,1.7583821259794397,-0.6315073916359092,OpalCoin,1
NeoScrypt,PoW/PoS,3220616.279225,3770000,-0.34813129785712676,0.5557967495448748,-0.4012221991270053,Orbitcoin,1
Scrypt,PoW/PoS,222677226.014206,420000000,-0.32966848359734124,0.9228347299304114,-0.5454055471195297,PotCoin,1
Scrypt,PoW/PoS,73959274.625,98000000,-0.3337699002566507,0.9229498210836237,-0.5453398808935983,PhoenixCoin,1
Scrypt,PoW/PoS,29315567169.0888,0,0.023122422736887503,0.9311416223449948,-0.5557964242219277,Reddcoin,1
Scrypt,PoW,1104157.42169891,21000000,-0.16809039416158686,-1.145071714562648,0.02303620351285903,RonPaulCoin,0
Scrypt,PoW,24215181.725,250000000,-0.1661843025580101,-1.1451765853786355,0.02301907015172966,StableCoin,0
Scrypt,PoW,25593737.1355044,51200000,-0.16757681822544676,-1.1450795728818672,0.02302627383950176,SmartCoin,0
X11,PoS,50707661.7493518,0,-0.3581298116498038,1.0121750957497386,-0.24222455058004988,SuperCoin,1
X11,PoW/PoS,1177.0,1000,-0.41058259605664815,1.232876196552898,-0.541351468559635,SyncCoin,1
SHA-256,PoW,563336541.299966,888000000,-0.13182453629809837,-1.2404029008145516,0.21055808182824284,SysCoin,0
Multiple,PoS,80260463.7331396,100000000,-0.2454527573392538,0.11187881160765968,0.09157141981174918,TeslaCoin,1
SHA-256,PoW,43536800.0,47011968,-0.14414311991450968,-1.240138901896672,0.21077658517030232,TigerCoin,0
PHI1612,PoS,1622326490.46336,2300000000,-0.2882316856529317,1.5097464593538195,-0.3612336881451426,TittieCoin,1
X11,PoW/PoS,1431851.00002479,10000000,-0.41049421380622875,1.2328717349091363,-0.5413523674673546,TorCoin,1
SHA-256,PoW,22935396.0,42000000,-0.14443058033719275,-1.2401422035424639,0.2107841487708697,TerraCoin,0
SHA-256,PoW,2278150.0,80000000,-0.14441379439493812,-1.240166427099889,0.21079006707750558,UnbreakableCoin,0
SHA-256,PoW,200911.79151896,250000,-0.14500457634510355,-1.2401282424236302,0.2107938977844387,Unobtanium,0
X11,PoW,1207310.0,0,-0.2434515394993039,-0.8351621381390456,0.0269951414552394,UroCoin,0
Scrypt,PoW/PoS,1098952592.6,1600000000,-0.31058727066816855,0.9225052342469672,-0.5457646946153072,UnitaryStatus Dollar,1
Scrypt,PoW/PoS,50235211.141939,100000000,-0.3340458360927125,0.9229422415056915,-0.545331471730482,UltraCoin,1
Scrypt,PoW,23150892.1679687,23000000,-0.1678066122707921,-1.1450665463789904,0.02302823949975985,ViaCoin,0
Scrypt,PoST,32021108.4136696,0,-0.28387078948411304,0.13277824066710717,-0.15842668837442522,VeriCoin,1
Lyra2REv2,PoW,51173723.8166347,84000000,-0.17600789523047242,-1.2345907635493332,0.153461751854116,Vertcoin,0
Scrypt,PoW,119606941.0,265420800,-0.1649084602981743,-1.1451575129554532,0.02298434947686162,WorldCoin,0
X11,PoW/PoS,6950831.0970606,5500000,-0.4104586261304682,1.2328754592827484,-0.5413541674985655,X11 Coin,1
Multiple,PoS,100000000.0,0,-0.24592030876625148,0.11193291523586588,0.09156823020774053,Crypti,1
SHA-256,PoW,39195739.362088,45000000,-0.14421046913253513,-1.2401391330030462,0.2107782159551178,JouleCoin,0
X13,PoW/PoS,33093725.4123502,0,-0.2809279770546298,1.7583871217673972,-0.6315138082068498,StealthCoin,1
Scrypt,PoW/PoS,147990237.978331,1000000000,-0.3264699543431468,0.9225320143503689,-0.5454012855432552,ZCC Coin,1
CryptoNight,PoW,184066828814.0,184467440735,3.852165899098881,-2.1706157157346917,0.39139093123870844,ByteCoin,0
CryptoNight,PoW,6906587610.38292,10000000000,0.44885477539335955,-2.135155654067825,0.46151962803888485,DigitalNote ,0
Shabal256,PoC,1813033920.0,2158812800,0.06896716337247395,-1.2435033012100538,0.010464888544799274,BurstCoin,0
Counterparty,PoS,51173144.0,500000000,-0.3179611673495592,1.4405318307553052,-0.07477945268693265,StorjCoin,1
Scrypt,PoW,68194674.8711679,105120000,-0.16667360310515425,-1.1450939162748257,0.02300894699915625,MonaCoin,0
SHA-256,PoW/PoS,39121694.0,68000000,-0.3111646325061082,0.8278883381165186,-0.3575696894704331,Neutron,1
Groestl,PoW/PoS,53193831.0,0,-0.3635372175477149,0.884853710265051,-0.42190694077219404,FairCoin,1
Scrypt,PoW,415032420.0,1680000000,-0.15126726419967648,-1.1457628022316,0.022823902121242124,Gulden,0
Scrypt,PoS,27184490.3918338,0,-0.28320394037825586,0.7022692037881455,-0.24617429764463486,RubyCoin,1
Scrypt,PoW,137517654.41397,166386000,-0.1653915331725941,-1.1451043878224108,0.022981776712115834,PesetaCoin,0
X13,PoW/PoS,2022464.886973,12000000,-0.2812228655727796,1.7583726353085878,-0.6315031579612657,Kore,1
Scrypt,PoW,181919.2435974,2628000,-0.1682319184828639,-1.145063041539975,0.023037244715058892,Wild Beast Coin,0
Scrypt,PoS,174646113.934655,500000000,-0.2778559729803806,0.7020672442096297,-0.24624640597999098,Dnotes,1
Scrypt,PoW,152270664.860648,160000000,-0.16525639585287655,-1.1450971749439696,0.02297674649341717,Flo,0
Scrypt,PoW/PoS,1467841.0,0,-0.33535113847474024,0.9229772650709767,-0.5453101549746708,8BIT Coin,1
X13,PoW/PoS,7096834.0,10000000,-0.28117499140361435,1.758375020704492,-0.6315048957368576,Sativa Coin,1
Scrypt,PoW,792537250.0,1000000000,-0.15147166293699219,-1.1453271420397564,0.022715187883262048,ArtByte,0
Stanford Folding,PoW,719416990.0,1000000000,-0.12695683995696894,-2.0054837212113403,0.2615755117722034,Folding Coin,0
X11,PoS,2689812.0,20000000,-0.35857521982313334,1.0121520009729132,-0.2422081479148654,Ucoin,1
Multiple,PoW,65113302.0,0,-0.1310633305111153,-1.7354002485606068,0.3607826946320366,Unitus,0
QuBit,PoW,6365285.0,0,-0.17677952983162343,-1.4694553308904157,0.2583371226957908,CypherPunkCoin,0
Scrypt,PoW,10140044.4430293,3371337,-0.16810487366079999,-1.145060629378533,0.023033653705091417,OmniCron,0
Scrypt,PoW/PoS,11604722.0,20000000,-0.3350853894264307,0.9229703671417392,-0.5453145554785631,Vtorrent,1
Scrypt,PoW,4610340640.89,10000000000,-0.040980219336094026,-1.1486383662208135,0.0210010315371311,GreenCoin,0
M7 POW,PoW,708506520.0,1840000000,-0.10197664595269501,-2.184553509320377,0.33718193364412097,Cryptonite,0
Scrypt,PoW,619478.0,619478,-0.16824080692954532,-1.1450619434137632,0.023037165953896866,MasterCoin,0
SHA-256,PoW,12462620.0,21000000,-0.1447075263519014,-1.2401349131052346,0.21078870814788875,SoonCoin,0
Scrypt,PoW,88213.0,92000000000,0.4839735207035739,-1.1897792284499624,0.01947546855065936,1Credit,0
X11,PoW/PoS,1513704.0,0,-0.41056410689501505,1.2328766182973654,-0.5413520095836057,IslaCoin,1
SHA3,PoW/nPoS,63657220.0,78000000,-0.3152688994082926,4.3271204694884,-0.862969724140974,Nexus,1
X11,PoW,32221574.820996,33000000,-0.24283832476147899,-0.8351695402142567,0.026982769358929414,MarsCoin ,0
Lyra2RE,PoW,13742738.0,65789100,-0.16348477822563492,-2.059921156745606,0.4518087571096759,Crypto,0
SHA-256,PoW,14747200.0002,53760000,-0.1444473399980079,-1.2401502001165052,0.2107866225554198,Anarchists Prime,0
QUAIT,PoW/PoS,8568038.35935056,5060000,-0.40670797244519225,1.8320048008788907,-0.7756640282365724,Droidz,1
X11,PoW,15863837.5,21000000,-0.24312343160912223,-0.8351682633471604,0.026989085462403917,BowsCoin,0
X11,PoS/PoW,329200.01639,0,-0.40263490388015205,0.9589807905401294,-0.27240525074729816,Squall Coin,1
Scrypt,PoW,32565300.0,210240000,-0.16636406612359472,-1.1451549340520415,0.02301762250418011,Song Coin,0
Scrypt,PoW,75614500.0,250000000,-0.16555575530299568,-1.1451622700011324,0.023000683535633396,BitZeny,0
Scrypt,PoS,100000000.0,100000000,-0.2816045603205508,0.7022408779419403,-0.2462042169252067,Diggits,1
Ethash,PoW,10495278.0,16906397,-0.14401904789763534,-1.985135074695164,0.3563973486081543,Expanse,0
X13,PoW/PoS,23042604.0,50000000,-0.28069641905742526,1.758360019444051,-0.631512148530967,Paycon,1
Blake2b,PoW,33098296530.0,0,0.35851453739252637,-2.061924211903018,0.3462752573261694,Siacoin,0
SHA-256,PoW/PoS,43059794.804778,1000000000,-0.3045091496065139,0.8274364278376481,-0.35760718192329627,Emercoin,1
X15,PoW/PoS,13530556.4180753,26298000,-0.2408604331341512,1.815662042291613,-0.637169663053116,EverGreenCoin,1
X11,PoW,15867695.0,16000000,-0.24315883145949235,-0.8351658319772437,0.02698927766463824,MindCoin,0
SHA-256,PoW,20997476.8650231,21000000,-0.14460315607940566,-1.240132536036782,0.21078565505026245,I0coin,0
BLAKE256,PoW/PoS,10365046.9281661,21000000,-0.07895127107152501,0.8683453956334259,-0.49808701343226364,Decred,1
Scrypt,PoW,210000000.0,210000000,-0.16419597044382694,-1.1451053995301117,0.02295415967585824,Revolution VR,0
1GB AES Pattern Search,PoW,11448949.0,81962100,-0.17640947180380911,-2.083307048646002,0.4018837661593128,HOdlcoin,0
SHA-256,PoW/PoS,3669691.84494672,22000000,-0.3119242772967984,0.8279008229927007,-0.3575552265886654,EDRCoin,1
X11,PoW/PoS,10996318099.0,26550000000,-0.08788816427341647,1.2230339446903926,-0.5463130033067015,Hitcoin,1
Scrypt,PoW,69836100.0,84000000,-0.1668032588200463,-1.1450831935481995,0.023009177517871994,Gamecredits,0
SHA-256,PoW/PoS,5129014.0,10500000,-0.3119879598242802,0.8279068191126405,-0.3575553033799329,DubaiCoin,1
SHA-256,PoW,21739971929.0,21626280000 ,0.27416041047372464,-1.244584962836009,0.20217984227140012,CarpeDiemCoin,0
NIST5,PoW/PoS,10069449031.9252,0,-0.22448140802854316,1.4633845828290237,-0.5676329174349108,PWR Coin,1
Scrypt,PoW/PoS,8998743.2411911,42000000,-0.3349612902802584,0.922958948042386,-0.5453144750266365,BillaryCoin,1
Scrypt,PoS,40477042.0,221052632,-0.2814742581169954,0.7021654612906522,-0.24618761103807965,GPU Coin,1
X11,PoW,45110324.0,84000000,-0.24231915238054066,-0.8351907395449047,0.026976184244683604,Adzcoin,0
Dagger,PoW,5702048.0,30000000,-0.1325790571768767,-2.131358580690891,0.32853811472157896,SoilCoin,0
Scrypt,PoW,636462.55983338,168351300,-0.16705148049290885,-1.1451434662635631,0.02303066590105124,YoCoin,0
X11GOST,PoW,17263355.0,24000000,-0.14962469711028273,-2.0800101917315037,0.42884907077518775,SibCoin,0
X11,PoW/PoS,10407269.7881868,384000000,-0.4077330187392906,1.2326924485724418,-0.5413700581075365,EuropeCoin,1
Scrypt,PoS,36971236046.8073, 99000000000,0.8704251264550364,0.6644387498751366,-0.2632228875487616,ZeitCoin,1
SHA-256,PoW/PoS,4377081.60953993,40000000,-0.31178801755251845,0.8278922709459441,-0.357556176532562,SwingCoin,1
Scrypt,PoC,2147483647.0,2147483647,-0.040908484797281236,-0.40970437995297226,-0.1991870503892701,SafeExchangeCoin,0
PoS,PoS,20000000.0,20000000,-0.3248674637884891,1.4828563550855685,-0.11689003133283267,Nebuchadnezzar,1
Scrypt,PoW,6570807.65677618,20000000,-0.16803063349660047,-1.1450697059704686,0.023034286693639095,Francs,0
X11,PoW,13654082.4987998,25000000,-0.2431220964397129,-0.8351708230290619,0.02698972107248269,BolivarCoin,0
X11,PoW/PoS,134554941.15119,75000000,-0.40840547911365105,1.2328772175760103,-0.5414025049616057,Ratecoin,1
SHA-256,PoW/PoS,1195525.0,222725000,-0.3105315124379789,0.8278025696901357,-0.35756211288233253,Revenu,1
SHA-256,PoW/PoS,16662820.0,525000000,-0.3081994176517788,0.8276599540149633,-0.3575793488671941,Clockcoin,1
NIST5,PoW/PoS,83450403.0,90000000,-0.3459592230266748,1.460559607233771,-0.5640642003884222,VIP Tokens,1
X11,PoW/PoS,24387724.5010828,139000000,-0.40929895994873566,1.2328154267926956,-0.5413655736849206,BitSend,1
Scrypt,PoW,616448.0,616448,-0.1682408654634262,-1.1450619427848985,0.023037167155102237,Omni,0
POS 3.0,PoS,38589808.6658096,33500000,-0.3384809478750466,1.4682218541743668,-0.08096765448729952,Let it Ride,1
Scrypt,PoW/PoS,813092338.575672,2000000000,-0.31124721043692766,0.9222311948104033,-0.5456779229676852,PutinCoin,1
Scrypt,PoW/PoS,4526324.0,44333333,-0.3349994402477277,0.9229565682777954,-0.5453129654866247,iBankCoin,1
Scrypt,PoW/PoS,100000000.0,100000000,-0.333437277020669,0.9229561016455293,-0.5453492736410627,Frankywillcoin,1
X13,PoS,5000000.0,200000000,-0.22802092941499497,1.5375668617743956,-0.33236644506085894,MudraCoin,1
X11,PoW,1377917.0,25000000,-0.24327221808306027,-0.8351742421005458,0.02699411251481564,PizzaCoin,0
X11,PoS,657000000.0,657000000,-0.3460579009064993,1.0120246152023145,-0.24246687078182594,Lutetium Coin,1
Equihash,dPoW/PoW,115898131.0,200000000,-0.09022180309916228,-1.658000854314958,0.4168869060445618,Komodo,0
X11,PoW/PoS,15563873.0,50000000,-0.41003782125473287,1.232856228496328,-0.5413589714456956,GoldBlocks,1
Scrypt,PoW/PoS,43165500.0,90000000,-0.33420318357119333,0.9229451330904525,-0.5453285555819793,CarterCoin,1
CryptoNight,PoW,7822432.72439746,10000000,0.2936686392400797,-2.132221319227772,0.46437423841445313,Karbo,0
SHA-256,PoW/PoS,595429.0,21000000,-0.31196896096399246,0.8279004528296929,-0.3575540881438239,BitTokens,1
SHA-256,PoW,6243840.0,9736000,-0.1448634290492284,-1.2401311701463869,0.21079136883800917,ZayedCoin,0
X11,PoW/PoS,657636.34549789,3000000,-0.4105533072828306,1.2328749216940769,-0.5413518194995048,MustangCoin,1
Scrypt,PoW/PoS,2581970.0,21000000,-0.3351886366215482,0.9229673681290465,-0.5453113665670246,ZoneCoin,1
Multiple,PoW,1000000000.0,1200000000,-0.11112358863365104,-1.735723141409461,0.3604018063029591,Circuits of Value,0
Scrypt,PoW/PoS,1939889.0,0,-0.3353453659375825,0.9229773965424736,-0.545310323836159,RootCoin,1
Scrypt,PoW,116845228.0,200000000,-0.16540602699542398,-1.145126483752519,0.02298787025936048,DopeCoin,0
Scrypt,PoS,169598616.0,0,-0.28146239961992575,0.7023088679712169,-0.2462252421696236,BitCurrency,1
SHA-256,PoW,9106714.0,10638298,-0.14482202304349595,-1.2401308113689693,0.21079030979407157,DollarCoin,0
Scrypt,PoW/PoW,665200057.0,3100000000,-0.250870054775302,0.08830329837395665,-0.30448655515513195,Swiscoin,1
Scrypt,PoW,11119200.0,30000000,-0.16790411848950498,-1.1450732997752513,0.0230322724738457,Shilling,0
SHA-256D,PoW/PoS,19577787259.0,20000000000,0.04421685764580096,1.9171635009322106,-0.7536741173756574,BuzzCoin,1
PoS,PoS,74033806.7949683,74000000,-0.3238238722984106,1.4828451570103578,-0.11691145104797084,Opair,1
Scrypt,PoW/PoS,33522957.0,0,-0.33495914582100195,0.9229861928369827,-0.5453216217631733,PesoBit,1
X11,PoW/PoS,264678458.288619,1500000000,-0.39671183517333625,1.2322208244324424,-0.541504223788472,Halloween Coin,1
Lyra2Z,PoW,7568281.24956067,21400000,-0.16004422109882355,-2.074395516476905,0.43400461329363044,ZCoin,0
PoS,PoS,148716816.0,39999898,-0.3231516360625318,1.482882483257436,-0.11693685036700423,CoffeeCoin,1
X13,PoS,2500124.0,2500124,-0.22945165618271599,1.5376621621405426,-0.3323579043128395,RoyalCoin,1
X14,PoW/PoS,100000000.0,100000000,-0.4516442696678154,2.058218199388485,-0.5867311433369344,GanjaCoin V2,1
PoS,PoS,17818682.1654,301000000,-0.3229020158166072,1.482719164950152,-0.11690013034605011,TeamUP,1
SHA-256D,PoW/PoS,1082162635.53683,7506000000,-0.2705357554080977,1.918085051857153,-0.7465741207778516,LanaCoin,1
Ethash,PoW,26205539.0,26205539,-0.14376100632378275,-1.9851352191161846,0.3563913686881394,Elementrem,0
Equihash,PoW,5613550.0,21000000,-0.1134260388845222,-2.0197976200181964,0.3956914684635209,ZClassic,0
DPoS,DPoS,108202084.0,125000000,3.7062208184285503,2.0739974179861616,-0.27119336372579317,ARK,1
X11,PoW/PoS,18342813.0,30000000,-0.4101456264993452,1.232866723649411,-0.5413591912023493,InsaneCoin,1
Scrypt,PoW,196297971.0,10000000000,-0.09495825828267608,-1.1498677344158381,0.02258002734345952,KiloCoin,0
X11,PoW,824000000.0,500000000,-0.22984514568074113,-0.8351760092471263,0.026681453008051845,ArtexCoin,0
X13,PoW/PoS,92192822723.0,850000000,0.8520924328315339,1.7836416526413301,-0.6645141885987087,EmberCoin,1
X11,PoW/PoS,3853326.77707314,3853326.77707314,-0.4105081785389455,1.2328753969681003,-0.5413529957028822,XenixCoin,1
PoS,PoS,50000000.0,50000000,-0.32428792041257026,1.4828501287017675,-0.11690192445602025,FreeCoin,1
Scrypt,PoW/PoS,17089600.0,38540000 ,-0.33488687889506424,0.9229628832155667,-0.5453172353372532,PLNCoin,1
Scrypt,PoW/PoS,2449577.41533168,42000000,-0.3350413781168413,0.92295712401467,-0.5453121322524161,AquariusCoin,1
X11,PoW,61364813.0,228000000,-0.24109950672952907,-0.8352562049705976,0.02696479450672625,Kurrent,0
PoS,PoS,20000000.0,20000000,-0.3248674637884891,1.4828563550855685,-0.11689003133283267,Creatio,1
X11,PoW/PoS,6069482.07721352,60000000,-0.4100830313438221,1.2328487235940762,-0.5413559622668617,Eternity,1
SHA-256,PoW/PoS,12416554.0,20000000,-0.3118314932825594,0.8279042312256003,-0.3575582780921809,Eurocoin,1
Scrypt,PoW/PoS,20244023.640728,33000000,-0.33488757967048066,0.9229664545309804,-0.5453181492518524,BitcoinFast,1
X11,TPoS,75590369.0,76500000,-0.4453016695226541,0.8552378671181147,-0.3552354394207038,Stakenet,1
Scrypt,PoW/PoS,11080722.3769581,28000000,-0.3350350820286392,0.9229663327281561,-0.5453146777643171,BitConnect Coin,1
Scrypt,PoW/PoS,10914418.0,650659833,-0.3306228282804063,0.9226636369255954,-0.545338725438718,MoneyCoin,1
X11,PoW/PoS,814671.0,5000000,-0.410537208142849,1.2328739933120454,-0.5413519531069579,Enigma,1
CryptoNight,PoW,978145.0,21000000,0.29366292589371756,-2.1322285721009844,0.4643762608792621,Cannabis Industry Coin,0
Scrypt,PoW/PoS,8377873.0,144000000,-0.33424576345987855,0.9229091970926817,-0.5453182020040235,Russiacoin,1
Scrypt,PoS,33813143821.8337,32514916898,0.36046608996624807,0.6958748605466745,-0.25951910663194927,PandaCoin,1
Scrypt,PoW/PoS,3472983.0,13000000,-0.33523445591991796,0.9229715047606205,-0.5453113755696664,GameUnits,1
Scrypt,PoW/PoS,3315789.0,3315789,-0.3353050334887022,0.922976168079036,-0.5453109444000057,GAKHcoin,1
Quark,PoS,10517772.7391666,15000000,-0.3492477025285915,1.4103674532173078,-0.24105705223165977,Allsafe,1
QuBit,PoW/PoS,30227750.0,78835200,-0.34304514228985783,0.5985516676504222,-0.31002150706198006,LiteCreed,1
Scrypt,PoW,894026.0,2714286,-0.16822259862091055,-1.145062885149094,0.023036986638824343,OsmiumCoin,0
CryptoNight,PoW,9357088.0,25000000,0.2937937471591722,-2.1322281826930114,0.46437310868958664,Bikercoins,0
Lyra2RE,PoW,1876146.443596,9999999,-0.16402540281375502,-2.059897344944616,0.4518151619935501,HexxCoin,0
Scrypt,PoW/PoS,23965372.0,500000000,-0.3315313204761027,0.922740501370167,-0.5453375610285089,Klingon Empire Darsek,1
SHA-256,PoW/PoS,2526078.47525448,21000000,-0.3119453516152933,0.8279009905406394,-0.3575547787777063,Internet of People,1
X11,PoW/PoS,5659096.95728771,9354000,-0.41044709980505906,1.2328732262462068,-0.5413538546312388,KushCoin,1
Scrypt,PoW/PoS,11821728.0,20000000,-0.33508273572342057,0.9229704275807278,-0.5453146331061689,Printerium,1
X11,PoW,536982074.0,100000000000,0.472040745873791,-0.8836188289705299,0.02293184070428614,PacCoin,0
Scrypt,PoW/PoS,308179.0,21933333,-0.3352098253725684,0.9229662811937223,-0.5453105893195295,Impeach,1
CryptoNight-V7,PoW,10969318.522954,185000000,-0.16793764918853213,-2.071726760318123,0.38027892185818346,Citadel,0
Scrypt,PoS,2922613.96424908,55000000,-0.2831107145320996,0.7022357132894635,-0.2461677480652446,Zilbercoin,1
Scrypt,PoW/PoS ,110000000.0,110000000,-0.29552307400239575,0.2065605178247385,-0.30019450135629355,FirstCoin,1
Scrypt,PoW,3115258.0,3360000,-0.168190858095612,-1.1450625803623142,0.023036167057727725,BeaverCoin,0
X13,PoS,14524851.4827,14524851.4827,-0.22921936114405503,1.537659666454929,-0.33236267136501435,FindCoin,1
X11,PoW,30385540.0,1000000000,-0.2360053229221739,-0.8356400707337406,0.026945987360698323,VaultCoin,0
Equihash,PoW,6921653.89980891,17000000,-0.11343840008197578,-2.019795311457833,0.3956911553929857,Zero,0
Scrypt,PoW/PoS,1000000000.0,1000000000,-0.31605097574310076,0.9227693101314964,-0.5457060673366801,OpenChat,1
Scrypt,PoW,99843408.3158479,100000000 ,-0.16632287773617838,-1.1450826130689917,0.02299782381034707,Canada eCoin,0
Lyra2RE,PoW,18545757.5,21000000,-0.16374357155069882,-2.0598980488922027,0.451808773042677,Zoin,0
Scrypt,PoS,36050365.0,34426423,-0.28285145934753225,0.7022549397727927,-0.24617880202241083,RenosCoin,1
Dagger-Hashimoto,PoW,2232901.0,2232901,-0.17955284267705454,-2.0858024663450805,0.5255831843213166,DubaiCoin,0
X11,PoW/PoS,13162749.0858027,100000000,-0.4097127136718585,1.2328312567966122,-0.5413600483346516,VirtacoinPlus,1
Blake2S,PoW/PoS,12184195.9258495,36900000,-0.4108979106558541,1.8040846475143293,-0.9268403256512531,TajCoin,1
X11,PoW/PoS,110630387.850471,110000000,-0.4084499163319173,1.2328535422084115,-0.5413953017212131,Impact,1
Scrypt,PoW,64096052.0,4000000000,-0.1391113440818267,-1.1469881997031937,0.022859617319219507,EB3coin,0
PoS,PoS,111135836.889,110290030,-0.323112887703078,1.4828378513077622,-0.11692612824404094,Atmos,1
X11,PoW/PoS,21521322.0099142,100000000,-0.4096104991242027,1.2328335847676983,-0.5413630383718081,HappyCoin,1
NIST5,PoW,10123200.0,48252000,-0.18003557424275493,-0.6074791944502919,0.0043106880615020795,Coinonat,0
PoS,PoS,401421401.0,400000000,-0.3175091991290575,1.4827778834360554,-0.11704118602487425,MacronCoin,1
X11,PoW/PoS,121665451.643876,500000000,-0.405550103995253,1.2326670525638233,-0.5414143486025463,Condensate,1
Scrypt,PoW/PoS,5368934.0,21212121,-0.3351530518409858,0.9229680412313612,-0.5453123717351717,Independent Money System,1
Scrypt,PoW/PoS,1148324.0,28600000,-0.33515228878550046,0.9229632747907803,-0.5453111479665854,ArgusCoin,1
Scrypt,PoW/PoS,500000.0,1000000000,-0.32827356939746904,0.9224909364040945,-0.5453485251862178,LomoCoin,1
SHA-256,PoS,100545745.0,75000000000,0.27264248064028,0.5707688405334012,-0.061347704856595874,ProCurrency,1
X11,PoW/PoS,17171382.0,40000000,-0.4100890575417737,1.2328615367995626,-0.5413591593211537,GoldReserve,1
Scrypt,PoW,20276099.146524,35520400,-0.16775300509485538,-1.1450734327006606,0.023028783128453148,BenjiRolls,0
Scrypt,PoS,295135466.361878,2000000000,-0.2657484370880419,0.7013717133928058,-0.24634758219586297,GrowthCoin,1
SHA-256,PoW,1317747500.0,2500000000,-0.1111709448759581,-1.2409763148536448,0.21022580229449653,ILCoin,0
PoS,PoS,11390225.9742772,30000000,-0.32490185615584516,1.4828490965606085,-0.11688733860005006,Phreak,1
Scrypt,PoW/PoS,21358764.0,105000000,-0.3343635107105193,0.9229317687446811,-0.54532133560076,Degas Coin,1
X15,PoW/PoS,40659020000.0,90000000000,0.894041358971971,1.7832498012671192,-0.6551928690381702,HTML5 Coin,1
SHA-256,PoS,10343113.0,200084200,-0.25874744234513547,0.6071008984756869,-0.058419451879986914,Ultimate Secure Cash,1
Scrypt,PoW,13673406.4325268,72000000,-0.16757512885491366,-1.1450930028782416,0.023029732690536885,EquiTrader,0
POS 3.0,PoS,100000000.0,100000000,-0.33725853517575244,1.4682066347791427,-0.08099219684553048,QTUM,1
CryptoNight-V7,PoW,69036016.8340164,105000000,-0.16779472085165661,-2.071671703259864,0.3802612474944483,Quantum Resistant Ledger,0
536,PoW/PoS,22801882871.0,50000000000,0.5754161291547968,1.7681233549146365,-0.5505536065337526,Espers,1
Argon2d,PoW,19784224.6512734,0,-0.1607866730312939,-2.0277782903317725,0.3411003137242235,Dynamic,0
Blake2b,PoW,133248297.0,340282367,-0.0421930125792931,-2.0712708031952434,0.3580543731887147,Nano,0
Cloverhash,PoW,18407259.0885883,30000000,-0.12559863891858544,-2.1511443144001956,0.2963746561858726,ChanCoin,0
CryptoNight,PoW,1809467143.0,2000000000,0.3298083413361639,-2.132686795413685,0.4636527065543599,Dinastycoin,0
NIST5,PoW/PoS,4171382.0,10000000,-0.34749585538745414,1.4605764117259195,-0.5640327433025931,Denarius,1
X11,PoW,35138975.0,100000000,-0.24232765862355513,-0.8352012936408376,0.026979131742870845,DigitalPrice,0
NIST5,PoW/PoS,62942075.0,120000000,-0.34599733124585885,1.460539313624827,-0.5640580256214547,Virta Unique Coin,1
Skein,PoW/PoS,6804362.0,100000000,-0.4072132628890274,1.8753263993130544,-0.6734522673049573,Bitcoin Planet,1
Scrypt,PoW,18133195.0,19276800,-0.16789436749525105,-1.14506613417752,0.023030178584470654,Unify,0
X13,PoW/PoS,21268092.0,30000000,-0.2808599071369758,1.7583692464016305,-0.6315107394221682,BritCoin,1
Scrypt,PoW,5167775.0, 75000000,-0.16765787352456216,-1.1450968299843625,0.02303265918432604,SocialCoin,0
X11,PoW,26042364.3735553,60000000,-0.24272247459966206,-0.8351843848005824,0.026983934448764863,ArcticCoin,0
X11,PoW,2622886.0,18900000,-0.2433002390882655,-0.8351709303999402,0.026993903333460748,DAS,0
Scrypt,PoW/PoS,9044930943.24243,50000000000,0.12970895730001536,0.901193031434463,-0.550481013168618,Linda,1
CryptoNight,PoW,14161803.0,54000000,0.29405809534711624,-2.1322409402317057,0.46437026716565016,LeviarCoin,0
X13,PoW/PoS,21917018.0492836,18898187.6216583,-0.2809306768486803,1.7583748232730116,-0.6315105417341245,DeepOnion,1
Time Travel,PoW,17801865.1605478,21000000,-0.15581053064283304,-2.108893248648672,0.4384124088659829,Bitcore,0
Scrypt,PoW,163055097500.0,200000000000,3.243581306980728,-1.1968606752191235,-0.043034108504445154,gCn Coin,0
Keccak,PoW,2241009149.22257,5000000000,-0.1111407619825914,-1.214851427203356,0.18703260283219794,SmartCash,0
SkunkHash v2 Raptor,PoS,107972766.0,137500000,-0.3506797870547293,1.4905094257621956,-0.023268598847897837,Signatum,1
X11,PoW,122475638.389743,1100000000,-0.2341702395462776,-0.8356630283567105,0.026909173154741343,Onix,0
Skein,PoW/PoS,47331802.4774238,100000000,-0.4067176646531022,1.8753376867314315,-0.6734667648219373,Cream,1
SHA-256,PoW,17995589.6469082,21000000,-0.14463986528167008,-1.2401333721013483,0.21078672888839278,Bitcoin Cash,0
X11,PoW/PoS,12569262.5359307,9507271,-0.4103615108077878,1.2328750763182759,-0.5413563324767612,Monoeci,1
Scrypt,PoS,18663297.3489799,17405891.19707116,-0.2831847461560933,0.7022583702332504,-0.24617192332878884,Draftcoin,1
VeChainThor Authority,Proof of Authority,55454734800.0,86712634466,4.410089471175294,1.1456498697734137,7.142641997041963,Vechain,3
Scrypt,PoW,485214.0,10500000000,-0.09380809305121411,-1.1501653003663734,0.02263071546655039,Sojourn Coin,0
PoS,PoS,4000000.0,61599965,-0.32476820413662627,1.4828316788358376,-0.11688591839873289,Stakecoin,1
Scrypt,PoW,143006669741.687,0,1.580534033445597,-1.1052326005370645,-0.02811907893697649,NewYorkCoin,0
Scrypt,PoW,9704042.0,20000000,-0.16799231808869536,-1.1450688333240227,0.023033165869882122,FrazCoin,0
Scrypt,PoW,17453749.4042601,84000000,-0.16744382729027377,-1.1450977827129671,0.023027915785283983,Kronecoin,0
Scrypt,PoW,32646731.063036,100000000,-0.1671446062814358,-1.1451013282160807,0.023021861473667617,AdCoin,0
Scrypt,PoW,33716526.0,100000000,-0.16713152407152296,-1.1451010302643005,0.023021478785541324,Linx,0
Scrypt,PoW/PoS,19539588.0,48252000,-0.33478806641046804,0.9229588449629528,-0.5453184877633914,CoinonatX,1
Scrypt,PoW/PoS,4200000.0,4200000,-0.3352879522011035,0.9229759845644675,-0.5453112949343515,Ethereum Dark,1
CryptoNight,PoW,8946653.0,88888888,0.29424166224091,-2.1322593507805654,0.4643707819612389,Sumokoin,0
SHA-512,PoS,25000000.0,91388946,-0.31379292776364476,1.0672266323966726,0.04292735270689196,Obsidian,1
Ouroboros,PoS,25927070538.0,45000000000,0.6677890365120722,1.3622504300474552,-0.13745055144441193,Cardano,1
X11,PoW/PoS,7262402.04264803,27000000,-0.4103023938231223,1.2328650957884248,-0.541355111357254,Regalcoin,1
Equihash,PoW,5211553258.01514,21000000000,0.0989644951864556,-2.028544732297362,0.39301696249237983,BitcoinZ,0
NeoScrypt,PoW/PoS,182638400.0,400000000,-0.3431282154146416,0.5556541285257908,-0.4013017212484905,TrezarCoin,1
X11,PoW,2702855668.85288,1800000000,-0.19765294243752715,-0.8352846003922648,0.025959015501537792,Elements,0
Scrypt,PoW/PoS,1140734.91680375,15733333,-0.3352435985973991,0.9229695266378406,-0.5453106471004167,TerraNovaCoin,1
NeoScrypt,PoW,4165967.57499639,27000000,-0.1808387363666408,-1.5122529494173576,0.16712360475361082,VIVO Coin,0
Lyra2REv2,PoS,24000000.0,24000000,-0.2920491565342162,0.6127542791605131,-0.11572818926763007,Rupee,1
Equihash,PoW,17202361.088994,21000000,-0.11328432269755057,-2.01979439238384,0.3956873229023021,Bitcoin Gold,0
Scrypt,PoW/PoS,48459472454.0,25000000000,0.43446276366247744,0.9243219707643463,-0.5636125120895006,WomenCoin,1
SHA-256,PoW/PoS,92050800.0,100000000,-0.31029051697897775,0.8278875256682262,-0.3575898622494563,Theresa May Coin,1
NIST5,PoW/PoS,560563220.0,1200000000,-0.33225551068082226,1.4601529637353245,-0.5642778489034196,NamoCoin,1
PHI1612,PoW/PoS,8305775.31777569,60000000,-0.37568205652788966,1.7311009297397044,-0.659714650938973,LUXCoin,1
Dagger,PoW,33986980.0,156306732.71,-0.1313377294803459,-2.1314120955082445,0.32852310646150923,Pirl,0
Scrypt,PoW/PoS,2149688.0,21000000,-0.3351939228719035,0.9229672477328963,-0.5453112119306708,Xios,1
Quark,PoW/PoS,30711550.5294042,200000000,-0.39952193557990917,1.6309983802147452,-0.5402164952254143,Bitcloud 2.0,1
Scrypt,PoW,99990001.493466,100000000,-0.16632108509101343,-1.1450825722408877,0.022997771370887345,eBoost,0
POS 2.0,PoS,12330806.30517,21000000,-0.34025808722943096,1.4955067995176279,-0.12170284203009704,KekCoin,1
Scrypt,PoW/PoS,16362544.992,14788275.991,-0.33506415541806406,0.9229742254631541,-0.5453160556724737,BlackholeCoin,1
SHA-256,PoS,8999999990.0,9000000000,-0.0864293904328271,0.605327355389603,-0.0619759423381019,Infinity Economics,1
X11,PoW,175215859.0,350000000,-0.23884234817983171,-0.8352837951875492,0.02691934419116144,Pura,0
NeoScrypt,PoW,6375259.04,45000000,-0.1806841103050092,-1.5122610831649905,0.16712211754791972,Innova,0
Ethash,PoW,12756367.0,280000000,-0.14212622072158762,-1.9852623239951974,0.35638635372441385,Ellaism,0
NeoScrypt,PoW,5832306.875,31800000,-0.18078433004819125,-1.5122548184039577,0.16712282283017474,GoByte,0
X11,PoW/PoS,38198594.8342105,144000000,-0.40909462382547923,1.2328168430038497,-0.5413707077055618,Magnet,1
DPoS,DPoS,288090567.493887,500000000,3.711079148863113,2.0738652470979932,-0.27127223227669817,Lamden Tau,1
NIST5,PoW/PoS,28399150208.0,30000000000,0.21234929120216353,1.4539078692795395,-0.575351329528572,Electra,1
X13,PoW/PoS,183534024.889807,210000000,-0.2775995116099537,1.7583269489308773,-0.6315757543128767,Bitcoin Diamond,1
Multiple,PoW,481730566.566176,660000000,-0.12128963264679776,-1.7356050142561046,0.36060810904008883,SHIELD,0
Scrypt,PoW/PoS,110976977.29338,210000000,-0.3325232082730853,0.9229056923740638,-0.5453574591436239,Cash & Back Coin,1
CryptoNight,PoW,19281821413.4924,85000000000,1.131893235276341,-2.1681634240697165,0.45418901474632895,UltraNote,0
CryptoNight,PoW,4500000.0,12500000,0.2936457336917212,-2.1322234597162,0.46437533012737425,BitCoal,0
Ethash,PoW,520891780.0,10000000000,-0.06700336917094094,-1.9898452962401036,0.35582825932470497,DaxxCoin,0
NIST5,PoS,13247178.8807286,27716121,-0.2954265566690038,1.2398551046675843,-0.26489161909490644,Bulwark,1
Quark,PoS,16955764.902064,20000000,-0.34913352717965995,1.4103668159861624,-0.2410595488188677,Kalkulus,1
X11,PoW,80316207.0,550000000,-0.23858496740978413,-0.835407437794918,0.026945548504893984,AC3,0
CryptoNight-V7,PoW,441250233.377,999481516,-0.15690168057638007,-2.0720028076578796,0.38009346751885476,Lethean,0
Scrypt,PoW/PoS,4911500269.41,50000000000,0.07916244051686819,0.9000418173237769,-0.5490023981692093,GermanCoin,1
Scrypt,PoW/PoS,8419402.321,150000000,-0.33420271918280464,0.9229062923044732,-0.5453184491585058,LiteCoin Ultra,1
Scrypt,PoW,3964201248.87125,4999999999,-0.08432869191218234,-1.146388028877425,0.021425751316745255,PopularCoin,0
X11,PoW/PoS,45174214.1078625,50000000,-0.40967572503929633,1.232864475360784,-0.5413695636868516,PhantomX,1
BLAKE256,PoW,30089671530.5228, 90000000000,1.093893628717503,-1.2350509107784906,0.05601636254883537,Photon,0
X11,PoW,4229040.50393462,19800000,-0.24327421742975042,-0.835170920518256,0.0269932939334623,Sucre,0
NeoScrypt,PoW,7847417.33355824,21000000,-0.1808362534196295,-1.512249007731137,0.16712252012025322,SparksPay,0
Quark,PoS,27299680.0,120000000,-0.34829809401003814,1.4103210909897617,-0.24106712069749492,Digiwage,1
NeoScrypt,PoW,299797953.0,500000000,-0.1738702507999145,-1.5124005180302749,0.16699953811017926,GunCoin,0
Scrypt,PoW,45483049.3398182,64000000,-0.1672428532561279,-1.1450802550067938,0.023018663444346277,IrishCoin,0
Scrypt,PoW/PoS,591022748.0,900000000,-0.32176117959210115,0.9227040105677566,-0.545555895937771,Trollcoin,1
Scrypt,PoW/PoS,2504486.227718,4000000,-0.33531010402485334,0.9229756095536897,-0.5453106806701645,Litecoin Plus,1
X11,PoS,4407252.0,21000000,-0.35854712834632907,1.0121519932431413,-0.24220880099566702,Monkey Project,1
X11,PoW,8478104.33969947,23000000,-0.24319957077432275,-0.8351712924879624,0.026991650061479643,Pioneer Coin,0
SHA-256,PoW,20166000.0,20166000,-0.1446192365305754,-1.2401323622405864,0.21078598477650817,UnitedBitcoin,0
C11,PoW,11916588.09471,23000000,-0.1876702064132336,-1.1596018351507666,0.21428068971816316,Interzone,0
POS 3.0,PoS,20445861.5344251,25000000,-0.33876308484507495,1.4682209323519517,-0.08096083492654613,TokenPay,1
Ethash,PoS,1618033.0,1618033,-0.259519588029893,-0.1378066686764346,0.0871991313766456,1717 Masonic Commemorative Token,0
Scrypt,PoW and PoS,9399342.52839847,30000000,-0.281224394428589,0.06690078981309602,-0.2658373070827336,My Big Coin,1
CryptoNight,PoW,53139835213.77,1000000000000,8.032738137650227,-2.603477613813754,0.40665175964470496,TurtleCoin,0
SkunkHash,PoW,4818338.98949984,16600000,-0.14862900585088998,-2.1674942344772266,0.46428305349390336,MUNcoin,0
Scrypt,PoW/PoS,234846265.782157,232000000,-0.3308524800134612,0.9229294982787808,-0.5454026215521595,Unified Society USDEX,1
CryptoNight,PoW,133932467.774108,336000000,0.29752194790988445,-2.132344651215665,0.4643165046494956,Niobio Cash,0
Scrypt,PoW,10000000000.0,10000000000,0.02492835123105453,-1.1471372761105378,0.01907303714241791,ShareChain,0
Dagger,PoW,107325266.027783,100000000,-0.13084007820018567,-2.131364301442947,0.3284990518112859,Travelflex,0
Lyra2REv2,PoW,643795911.540095,1100000000,-0.16155805654290434,-1.2349195466318754,0.15321042255453687,KREDS,0
X13,PoS,230298925.0,800000000,-0.22101217193321446,1.537337974983907,-0.33247026907724403,Tokyo Coin,1
Proof-of-BibleHash,POBh,1772091549.88818,5200000000,-0.17590743007251733,2.8532253683700417,14.88104600193354,BiblePay,3
SHA-256 + Hive,PoW + Hive,638382332.208514,840000000,-0.3426587954223183,3.8799998497901553,9.150666921220932,LitecoinCash,3
Scrypt,PoW,12446100.00278,40000000,-0.1678169981715921,-1.145077790807478,0.023031410649549163,BitFlip,0
Scrypt,PoW,14491014421.0,18406979840,0.13944813614308885,-1.1499727594272737,0.017141018688688378,LottoCoin,0
X11,PoW,211297638.500483,500000000,-0.23733770395555906,-0.8353466548100663,0.026900629516230068,Crypto Improvement Fund,0
C11,PoW/PoS,11251342.1879021,19340594,-0.3548205987190996,0.9084384293589399,-0.3540659720655415,Stipend,1
Proof-of-Authority,PoA,204479039.0,252460800,-0.4100242173485325,1.4715890515677048,18.931732209247794,Poa Network,3
X11,PoW/PoS,2167827.1,25000000,-0.41037887270156714,1.232864649001377,-0.5413532114878981,Pushi,1
XEVAN,PoW/PoS,419275.38,60000000,-0.3287611753172253,1.5643489083508215,-0.46200536636856976,Ellerium,1
Scrypt,PoS,25570013.1348022,124000000,-0.2823445971884581,0.7022084828055529,-0.24617852094934553,Velox,1
VBFT,PoS,650848625.0,1000000000,-0.330904326328389,1.4686812183274771,-0.10781435379768306,Ontology,1
Ethash,PoW,247612453.0,6500000000,-0.09515813809345439,-1.9882202011938135,0.35606152458196044,Callisto Network,0
CryptoNight,PoW,80049082.9057215,1000000000,0.30157038833260613,-2.1326824016874038,0.46431007215981,BitTube,0
Scrypt,PoW,4070212.1493016,21000000,-0.16805412314438606,-1.1450708884778953,0.02303514249276318,Poseidon,0
IMesh,PoW,25000000.0,25000000,-0.15229630369791428,-2.1862872070906327,0.4007879303789415,Aidos Kuneen,0
NIST5,PoW/PoS,13787854.6277781,50000000,-0.347094682170728,1.460559647673982,-0.5640377319740476,Bitspace,1
Scrypt,PoW/PoS,845637.81347436,3000000,-0.3353374790022635,0.9229756336019784,-0.5453100485488042,Briacoin,1
Scrypt,PoW/PoS,1182153.5,5000000,-0.33531918504114816,0.9229747552077455,-0.5453102463603928,Ignition,1
Equihash,PoW,71355477.0,70000000,-0.11227471923374079,-2.01980312693436,0.39566605408992883,Bitrolium,0
Scrypt,PoS,267297676.3125,500000000,-0.2767229640775425,0.7020930488727296,-0.24627954939055252,MedicCoin,1
Lyra2Z,PoW,27340501.6514783,300000000,-0.15782732428895002,-2.0745254257250156,0.4339867539579502,Alpenschillling,0
Green Protocol,PoS,9803691.3618195,21000000,-0.3478711316876085,1.5411356033339476,-0.28738872218439093,Bitcoin Green,1
PoS,PoS,21876586.8530324,88000000,-0.32436243604829756,1.482823825719852,-0.11689333534452499,Deviant Coin,1
Scrypt,PoW/PoS,9880502.37178894,30000000,-0.33503558035958375,0.9229650263330795,-0.5453143258532607,Abjcoin,1
Semux BFT consensus,DPoS,1231147.0,100000000,3.892612254136118,2.065325352084563,-0.1253581729297274,Semux,1
X11,PoW,31801461.1867843,100000000,-0.24236847210545082,-0.8352022231817687,0.02698032564168632,FuturoCoin,0
Quark,PoW/PoS,139739596.506702,200000000,-0.39818866344092924,1.631028745941158,-0.5402554968482453,Carebit,1
PoS,PoS,11075254.0929996,80000000,-0.3245512376288992,1.4828247058813195,-0.116889161749421,Zealium,1
CryptoNight,PoW,16016864.0,18400000,0.2938283975454303,-2.132223119868795,0.4643709818762124,Monero Classic,0
X16R,PoS,4403800.0,45000000,-0.3378843771566464,0.6905041842475262,0.02348097076115595,Proton,1
Scrypt,PoW/PoS,1404157529.46026,5121951220,-0.2818864717063477,0.9208783613070719,-0.5460102302068408,iDealCash,1
NIST5,PoW,21069346.2522598,21000000,-0.18009491746845976,-0.6074628997235552,0.00430782749511088,Jumpcoin,0
Lyra2RE,PoW,5097689.71077377,26280000,-0.16387059198909243,-2.0599043607457945,0.45181337927633936,Infinex,0
XEVAN,PoS/PoW,10904963.0923455,21000000,-0.32096574771207875,1.2904752871988097,-0.1930612722643164,Bitcoin Incognito,1
Tribus,PoW,795447.0,18000000,-0.16685827934029576,-1.98319234759227,0.5040346071966452,KEYCO,0
Scrypt,PoS,38706809.466535,26000000,-0.2828787127851332,0.7022597753667368,-0.2461794260474065,HollyWoodCoin,1
Lyra2Z,PoW,6986399.70430446,10500000,-0.16012861126762865,-2.0743903804941657,0.43400524345395713,GINcoin,0
CryptoNight,PoW,84300.0,600000518,0.29775676421490715,-2.1325102495252377,0.4643541637941803,PlatinCoin,0
CryptoNight Heavy,PoW,19153632.0,150000000,0.5785398284248294,-2.1055258611323864,0.36104506282788,Loki,0
CryptoNight,PoW,41294520017.0,184000000000,2.1029311466785714,-2.2101524536472077,0.4424816835156339,Newton Coin,0
Scrypt,PoW/PoS,10200000000.0,10200000000,-0.13832434046129188,0.9208598857658247,-0.5493532917807712,Swisscoin,1
Scrypt,PoS,7630000.0154,44000000,-0.2831311327323423,0.702242371007816,-0.24616900611542716,Xt3ch,1
Jump Consistent Hash,PoW,135862416.039898,168000000,-0.15075287621524178,-2.2704164668817635,0.3994373720236346,MassGrid,0
SHA-256D,PoW/PoS,33238183.7225834,100000000,-0.3358668761440255,1.9213926665512815,-0.7459121645922543,TheVig,1
CryptoNight,PoW,560085952.404637,1000000000,0.30744061904296155,-2.1325487051865,0.4641383528855513,PluraCoin,0
Scrypt,PoW/PoS,21599339.6728,84000000,-0.33450944627583,0.9229420429894521,-0.5453206086147316,EmaratCoin,1
X15,PoS,30284196.369129,90000000,-0.18837123181611715,1.5949205217568143,-0.3380330657802156,Dekado,1
Scrypt,HPoW,77872059787.8998,92000000000,2.249289181621206,0.045210289642857955,-0.4156275419721597,Lynx,1
Quark,PoS,2716264.95302831,650000000 ,-0.34484133301769887,1.4100566328608655,-0.2410788464005731,Poseidon Quark,1
SHA-256,PoS,57811001.000889,100262205,-0.2588746499057723,0.6071626382889211,-0.05843256738972845,BitcoinWSpectrum,1
DPoS,PoS,18194936.0,18081806 ,1.0154618323839546,1.7474433632346882,-0.20431910703678538,Muse,1
X16R,PoW,8125865.02097646,22075700,-0.22271778324805178,-1.1568070839422835,0.29268251156673725,Motion,0
HMQ1725,PoW,8645406.16776286,21000000,-0.1798642045944555,-2.1015689961753843,0.4276478314822031,PlusOneCoin,0
X11,PoW,4993030.69736615,21000000,-0.24325636753132712,-0.8351712910080006,0.026992974178403486,Axe,0
X16R,PoW/PoS,36923120.6205934,82546564,-0.3890532417996478,0.9112102151546322,-0.27567717246781226,Trivechain,1
Quark,PoS,7082392.24744494,21000000,-0.3492471763663889,1.4103635800645722,-0.24105605562244925,Dystem,1
Quark,PoW/PoS,5919489.76813523,5151000,-0.4012064738336421,1.631086183435566,-0.5402000827269773,Giant,1
Scrypt,PoS,1042012.45227735,16880000000,-0.16385448077186454,0.6940572449817306,-0.24681847924588732,Peony Coin,1
Lyra2REv2,PoW/PoS,13332617.9413708,52500000,-0.34381027350585874,0.833452679175043,-0.4148705334550073,Absolute Coin,1
Quark,PoS,66053877.6256106,100000000,-0.34796596833362087,1.4103416057191926,-0.24108020955967643,Vitae,1
Scrypt,PoW,1416663.06600024,22105263,-0.16807873696480122,-1.1450721647489193,0.023036048931187998,HexCoin,0
Scrypt,PoW/PoS,5403802.49590733,1000000000,-0.3282136022286159,0.9224923021767601,-0.5453502793794046,TPCash,1
CryptoNight-V7,PoW,15580199.3087496,1750000000,-0.1567863459964061,-2.0724861586360412,0.3802166812384765,Webchain,0
Cryptonight-GPU,PoW,4890897.0,88188888,-0.18026651516890418,-2.012289637017213,0.4687547773932012,Ryo,0
XEVAN,PoW,14746153.0962884,210000000,-0.16040625123614974,-0.5037586813960088,0.10633074257723377,Urals Coin,0
CryptoNight Heavy,PoW,99553110528.8022,184470000000,3.102430565776513,-2.167394777063565,0.3183034630202349,Qwertycoin,0
X11,PoS,19269509.94,55000000,-0.35812434237987917,1.0121396065651875,-0.24221543389617523,ARENON,1
X11,PoW/PoS,30771125.9760867,50000000,-0.40985185619847875,1.2328604639137315,-0.5413644113996039,EUNO,1
Scrypt,PoS,107763867.917675,260000000,-0.2803753135232087,0.7021652708222651,-0.2462131888524645,MMOCoin,1
PoS,PoS,9327131.59708692,210000000,-0.32365099232057104,1.4827610313221296,-0.1168935695449929,Ketan,1
SHA-256,PoW,2100000000.0,2100000000,-0.10444076927354218,-1.2405640237314728,0.20996146071080696,Project Pai,0
Keccak,PoW/PoS,4672513.84432375,366000000,-0.33845688445967853,0.8548167930275444,-0.3803350420708382,XDNA,1
X11,PoS,4504639.0,100000000,-0.35798587447188396,1.0121136216969482,-0.24221189443090294,PAXEX,1
X11,PoW,5015881.37315389,25000000,-0.24322773047899604,-0.8351732288802329,0.026992811138522196,Azart,0
Scrypt,PoW/PoS,1059954080.43439,18000000000,-0.19479793792115774,0.9145230032411854,-0.5463856934572677,ThunderStake,1
SHA-512,Zero-Knowledge Proof,1000000000.0,1000000000,-0.29337333801445575,0.529344208154405,0.37716070418112335,Kcash,1
X16R,PoW,9753753.61515394,100000000,-0.22214543938894957,-1.1568445063701258,0.29267891228618553,Xchange,0
ECC 256K1,DPOS,1000000000.0,1000000000,-0.39864067629739686,8.43092778828505,4.86400124157696,Acute Angle Cloud,3
Equihash,PoW,4235111504.0,7600000000,-0.007974146508847292,-2.0223034919218703,0.39388505636711457,CrypticCoin,0
XEVAN,PoS,6787405.18013774,50000000,-0.2769214786624444,1.3436403188451707,-0.16286220050225686,Bettex coin,1
Lyra2Z,PoW,13634850.0,84000000,-0.15952623807786837,-2.074424254159064,0.4340000195060936,Actinium,0
SHA-256,PoW,17992514.6469233,21000000,-0.14463990288494713,-1.2401333729577757,0.21078672998838516,Bitcoin SV,0
XEVAN,Pos,208515864.367343,70000000000,0.48989831623435026,1.578137073695251,-0.092925126594744,BitMoney,1
X11,PoS,17209923728.3266,0,-0.1482947687190558,1.0169541602177155,-0.248362762698802,Junson Ming Chan Coin,1
CryptoNight,PoW,1867054873.28397,8080000000,0.373616144370005,-2.135625995875517,0.4633967103273313,FREDEnergy,0
Quark,PoW/PoS,35312185.7437239,54000000,-0.40050072881547,1.6310706261815338,-0.540212488370718,HerbCoin,1
Blake,PoW,1578281.31341127,105120001.44,-0.13488108572068813,-2.1006320621562944,0.38481588838617165,Universal Molecule,0
Blake,PoW,15846721.2482747,25228800,-0.1352729821797672,-2.100589256364196,0.3848138773674101,Lithium,0
Equihash,PoS,13475920.0,105000000,-0.2280179797760231,-0.17251281181324252,0.12648341902915458,PirateCash,0
Exosis,PoW,406091.925,21000000,-0.17249723302702644,-2.0325578363793224,0.3611754352171677,Exosis,0
Scrypt,PoW,35284717.173946,120000000,-0.16697055902911026,-1.1451103146849095,0.02302014348203709,Block-Logic,0
Scrypt,PoW/PoS,14777549.3940764,21000000,-0.3350395004421452,0.9229707647562536,-0.5453157291820151,Oduwa,1
Equihash,PoW,35687520.0,262800000,-0.11134405507325744,-2.019906773120016,0.395671348740131,Beam,0
Quark,PoW/PoS,18265011.2486006,19035999,-0.40095706768154415,1.6310828728933269,-0.5402050365569748,Galilel,1
Equihash,PoW,25150787.5,30886000,-0.11311703785873732,-2.0197969838242504,0.395684096832557,Bithereum,0
Quark,PoS,1934701.67524713,13370000,-0.3493642181278187,1.410365854996925,-0.24105391877902327,Crypto Sports,1
Scrypt,PoW/PoS,30825710000.0296,74800000000,0.5718769767323614,0.8952049952582897,-0.5592326229019399,Credit,1
QuBit,PoW,12925790.4226959,100000000,-0.175990362874196,-1.4695021096155347,0.2583309042222975,SLICE,0
X11,PoS,715659.44237941,19700000,-0.3586014879796812,1.0121515969635266,-0.24220743010408807,Dash Platinum,1
Scrypt,PoW/PoS,20546528.2059957,84000000,-0.33452232079984534,0.9229417497677891,-0.5453202320019496,Nasdacoin,1
XEVAN,PoW/PoS,198938144.363399,500000000,-0.3232142080444811,1.564190332424718,-0.46209341596766595,Beetle Coin,1
SHA-256D,PoW/PoS,896361168.0,5000000000,-0.29057391503491337,1.9192513678671734,-0.7464106323189545,Titan Coin,1
X11,PoW/PoS,15420234.5389336,420000000,-0.4074164980942961,1.2326763466202306,-0.5413732451417848,Award,1
SHA-256,PoW,52293836.6277958,64000000,-0.14391559763968467,-1.2401447201359952,0.2107727948783783,BLAST,0
X13,PoW,1170292.5,2100000,-0.11418715744637052,-0.30966146114899545,-0.06315542839338058,Bitcoin Rhodium,0
SHA-256,PoW,84613099.9999955,168000000,-0.14278307673454535,-1.2401862689490182,0.21075720709023596,GlobalToken,0
X11,PoW/PoS,23775960.3207514,30000000,-0.41007918612719313,1.2328682368514834,-0.5413611347533017,Insane Coin,1
DPoS,DPoS,1000000000.0,1000000000,3.7233295837027667,2.0738204935630042,-0.27154625545291444,ALAX,1
Scrypt,PoW/PoS,15318887081.0146,35000000000,0.10009026713228553,0.9102312963381668,-0.5521445926718818,LiteDoge,1
Scrypt,PoW,55565076.3863525,98100000000,0.5278972986529249,-1.192728737997846,0.019219453096499185,SolarCoin,0
X11,PoW/PoS,242574105.22384,0,-0.40761624963606763,1.232943756749009,-0.5414382419540361,TruckCoin,1
NeoScrypt,PoW,3824685012.0,4000000000,-0.10595252036500646,-1.5131199981046741,0.16560310444776025,UFO Coin,0
Scrypt,PoW/PoS,3537150.0,200000000,-0.3339079525947485,0.9228806295782815,-0.5453186384957004,OrangeCoin,1
Blake,PoW,23356790.1494191,7000000000,-0.08573416925305158,-2.103977315798587,0.3845411526267531,BlakeCoin,0
Scrypt,PoW/PoS,20576532.0,54256119,-0.33473282029668044,0.9229562154085795,-0.5453190911580924,BitstarCoin,1
SHA-256,PoS,4392258.24647793,21000000,-0.26008981394766156,0.607186286592347,-0.05841038963356441,NeosCoin,1
Scrypt,PoW/PoS,9631199.99309942,0,-0.33525131114124623,0.9229795386724479,-0.5453130751797033,HyperCoin,1
X11,PoW/PoS,436353624.490312,500000000,-0.40170187421582576,1.232754697305839,-0.5415269191738766,PinkCoin,1
Scrypt,PoW,780210700.0,1000000000,-0.15162240071769276,-1.145330575143978,0.022719597349189723,Crypto Escudo,0
Scrypt,PoW/PoS,980732528.97974,10500000000,-0.24893724905880818,0.9181463823399786,-0.5460669810292375,AudioCoin,1
SHA-256,PoW/PoS,17939725045.334,190000000,-0.09139847359723419,0.8328145893579009,-0.36397783480249735,IncaKoin,1
X11,PoW/PoS,494240666.028571,1000000000,-0.39744928822625636,1.2325277900432081,-0.5415669847992011,Piggy Coin,1
SHA-256,PoW,22986929.0854247,42000000,-0.1444299501541384,-1.24014218918983,0.2107841303364023,Crown Coin,0
Scrypt,PoW/PoS,60000000.0,15000000,-0.3345290247253959,0.9229862761505744,-0.5453316739041923,Genstake,1
Scrypt,PoW,29583989322.9213,50000000000,0.5479914191904978,-1.161125245231552,0.010518775538749033,SmileyCoin,0
Scrypt,PoW/PoS,404316475.545465,400000000,-0.32758905834240887,0.9228950400020023,-0.545469748966931,XiaoMiCoin,1
Groestl,PoW,73298203.8873662,105000000,-0.19543066536867396,-1.1832303977143832,0.14642884368148218,Groestlcoin,0
X11,PoW/PoS,201364327.427503,208000000,-0.40664559583519916,1.2328311789958253,-0.5414315533678118,CapriCoin,1
Scrypt,PoW/PoS,103621876.167052,160000000,-0.3329676218832442,0.9229279468384322,-0.5453528922479833, ClubCoin,1
PoS,PoS,3821245.74150193,9000000,-0.32514329250000035,1.4828571957426606,-0.11688381797178857,Radium,1
Scrypt,PoW,5052555.91981545,5000000,-0.16815554082160877,-1.1450628379366312,0.023035410550614584,Bata,0
Scrypt,PoW,69684455.4387001,182000000,-0.1661103515939261,-1.1451308695760172,0.02300543755431422,Pakcoin,0
X11,Proof of Trust,16901016.6609755,16504333,-0.4510463459550749,0.8278112363663038,-0.29333578776389985,Creditbit ,1
SHA-256,PoW/PoS,74676064.9488608,105000000,-0.3104675405180296,0.8278802562833697,-0.3575838405238116,OKCash,1
DPoS,DPoS,120012140.0,159918400,3.7066127908178066,2.07398373483365,-0.2711989403467046,Lisk,1
Scrypt,PoS,10000244677.7002,10008835635,-0.09028961478442203,0.7001819447926031,-0.2501293771875864,HiCoin,1
Scrypt,PoW/PoS,252005564.19257,300000000,-0.3301605644560584,0.9229012253466617,-0.5454113925108804,WhiteCoin,1
NeoScrypt,PoW/PoS,1120385.00502,60168145,-0.3477571517079193,0.5557687517709977,-0.4012236313649054,FriendshipCoin,1
Multiple,PoW,3332922.5,2800000,-0.1317989744000049,-1.7354188161639568,0.36080468636584934,JoinCoin,0
X13,PoW/PoS,140777.753365,120000,-0.28133009830102407,1.7583778856165229,-0.6315020248910698,Triangles Coin,1
Equihash+Scrypt,PoW,100000000.0,2100000000,-0.1501433177202912,-2.0922470921181033,0.47982018864241505,Vollar,0
DPoS,DPoS,1020544523.0722,0,3.716491412154327,2.074312274590025,-0.27151488823187125,EOS,1
Ethash,PoW,24487944.0958204,24487944,-0.14379418701610316,-1.9851348626359686,0.35639204960706944,Reality Clash,0
DPoS,DPoS,1122382283.37,0,3.7177367563892365,2.0743406377285187,-0.2715513177384392,Oxycoin,1
SHA-256,PoS,1000000000.0,1000000000,-0.24097429055559122,0.6069877244060156,-0.058804442825078296,TigerCash,1
Leased POS,LPoS,100000000.0,100000000,-0.43185209827832344,4.3754645296426595,15.973441417743478,Waves,3
PoS,PoS,9283137.5558676,8634140,-0.32507909434936755,1.4828588947800336,-0.11688575764045805,Particl,1
TRC10,DPoS,989988713439.649,990000000000,34.07842354235698,1.6244652839598583,-1.0698233671983277,BitTorrent,2
PoS,PoS/LPoS,1000000000.0,1000000000,-0.26301869462560173,1.6663307687228632,-0.010879675361392251,Nxt,1
SHA-256,DPoS,1999999995.3056,2000000000,2.4672441505026157,0.9333611334323989,-0.12603880001338003,ZEPHYR,1
Scrypt,PoW/PoS,14931046.1546605,250000000,-0.33341414973948247,0.9228594999707672,-0.5453246501531822,Gapcoin,1
CryptoNight,PoW,980222595.0,1400222610,0.31541568735012243,-2.132626223522387,0.4639725659909095,Beldex,0
Equihash,PoW,7296537.5,21000000,-0.11340545812180299,-2.0197971512843256,0.39569086642353074,Horizen,0
Scrypt,PoS,128326.99633965,1000000,-0.28352771289572387,0.7022611822362349,-0.24616465780294075,BitcoinPlus,1
